INSERT INTO Usuario (id, username, password, consejero) VALUES (1, 'admin', '{bcrypt}$2a$10$ps6QN4cRlMvAZmkkBTygyOTrZAjT1Osxs7M4ElwdcOkEAqmO376Be', true);
INSERT INTO Usuario (id, username, password, consejero) VALUES (2, 'user', '{bcrypt}$2a$10$8FLnEJGxM7Iz4IpcoyPq.u5uCnVDxmUpi4lhb2c0gLK8ZNqIB4/4G', false);
INSERT INTO Usuario (id, username, password, consejero) VALUES (3, null, null, false);
INSERT INTO Usuario (id, username, password, consejero) VALUES (4, null, null, false);
INSERT INTO Usuario (id, username, password, consejero) VALUES (5, null, null, false);
INSERT INTO Usuario (id, username, password, consejero) VALUES (6, null, null, false);
INSERT INTO Usuario (id, username, password, consejero) VALUES (7, null, null, false);
INSERT INTO Usuario (id, username, password, consejero) VALUES (8, null, null, false);
INSERT INTO Usuario (id, username, password, consejero) VALUES (9, null, null, false);
INSERT INTO Usuario (id, username, password, consejero) VALUES (10, null, null, false);
INSERT INTO Usuario (id, username, password, consejero) VALUES (11, null, null, false);
INSERT INTO Usuario (id, username, password, consejero) VALUES (12, null, null, false);
INSERT INTO Usuario (id, username, password, consejero) VALUES (13, null, null, false);
INSERT INTO Usuario (id, username, password, consejero) VALUES (14, null, null, false);
INSERT INTO Usuario (id, username, password, consejero) VALUES (15, null, null, false);
INSERT INTO Usuario (id, username, password, consejero) VALUES (16, null, null, false);
INSERT INTO Usuario (id, username, password, consejero) VALUES (17, null, null, false);
INSERT INTO Usuario (id, username, password, consejero) VALUES (18, null, null, false);
INSERT INTO Usuario (id, username, password, consejero) VALUES (19, null, null, false);
INSERT INTO Usuario (id, username, password, consejero) VALUES (20, null, null, false);
INSERT INTO Usuario (id, username, password, consejero) VALUES (21, null, null, false);
INSERT INTO Usuario (id, username, password, consejero) VALUES (22, null, null, false);
INSERT INTO Usuario (id, username, password, consejero) VALUES (23, null, null, false);
INSERT INTO Usuario (id, username, password, consejero) VALUES (24, null, null, false);
INSERT INTO Usuario (id, username, password, consejero) VALUES (25, null, null, false);
INSERT INTO Usuario (id, username, password, consejero) VALUES (26, null, null, false);
INSERT INTO Usuario (id, username, password, consejero) VALUES (27, null, null, false);
INSERT INTO Usuario (id, username, password, consejero) VALUES (28, null, null, false);
INSERT INTO Usuario (id, username, password, consejero) VALUES (29, null, null, false);
INSERT INTO Usuario (id, username, password, consejero) VALUES (30, null, null, false);
INSERT INTO Usuario (id, username, password, consejero) VALUES (31, null, null, false);
INSERT INTO Usuario (id, username, password, consejero) VALUES (32, null, null, false);
INSERT INTO Usuario (id, username, password, consejero) VALUES (33, null, null, false);
INSERT INTO Usuario (id, username, password, consejero) VALUES (34, null, null, false);
INSERT INTO Usuario (id, username, password, consejero) VALUES (35, null, null, false);
INSERT INTO Usuario (id, username, password, consejero) VALUES (36, null, null, false);
INSERT INTO Usuario (id, username, password, consejero) VALUES (37, null, null, false);
INSERT INTO Usuario (id, username, password, consejero) VALUES (38, null, null, false);
INSERT INTO Usuario (id, username, password, consejero) VALUES (39, null, null, false);
INSERT INTO Usuario (id, username, password, consejero) VALUES (40, null, null, false);
INSERT INTO Usuario (id, username, password, consejero) VALUES (41, null, null, false);
INSERT INTO Usuario (id, username, password, consejero) VALUES (42, null, null, false);
INSERT INTO Usuario (id, username, password, consejero) VALUES (43, null, null, false);
INSERT INTO Usuario (id, username, password, consejero) VALUES (44, null, null, false);
INSERT INTO Usuario (id, username, password, consejero) VALUES (45, null, null, false);
INSERT INTO Usuario (id, username, password, consejero) VALUES (46, null, null, false);
INSERT INTO Usuario (id, username, password, consejero) VALUES (47, null, null, false);
INSERT INTO Usuario (id, username, password, consejero) VALUES (48, null, null, false);
INSERT INTO Usuario (id, username, password, consejero) VALUES (49, null, null, false);
INSERT INTO Usuario (id, username, password, consejero) VALUES (50, null, null, false);
INSERT INTO Usuario (id, username, password, consejero) VALUES (51, null, null, false);
INSERT INTO Usuario (id, username, password, consejero) VALUES (52, null, null, false);
INSERT INTO Usuario (id, username, password, consejero) VALUES (53, null, null, false);
INSERT INTO Usuario (id, username, password, consejero) VALUES (54, null, null, false);
INSERT INTO Usuario (id, username, password, consejero) VALUES (55, null, null, false);
INSERT INTO Usuario (id, username, password, consejero) VALUES (56, null, null, false);
INSERT INTO Usuario (id, username, password, consejero) VALUES (57, null, null, false);
INSERT INTO Usuario (id, username, password, consejero) VALUES (58, null, null, false);
INSERT INTO Usuario (id, username, password, consejero) VALUES (59, null, null, false);
INSERT INTO Usuario (id, username, password, consejero) VALUES (60, null, null, false);
INSERT INTO Usuario (id, username, password, consejero) VALUES (61, null, null, false);
INSERT INTO Usuario (id, username, password, consejero) VALUES (62, null, null, false);
INSERT INTO Usuario (id, username, password, consejero) VALUES (63, null, null, false);
INSERT INTO Usuario (id, username, password, consejero) VALUES (64, null, null, false);
INSERT INTO Usuario (id, username, password, consejero) VALUES (65, null, null, false);
INSERT INTO Usuario (id, username, password, consejero) VALUES (66, null, null, false);
INSERT INTO Usuario (id, username, password, consejero) VALUES (67, null, null, false);
INSERT INTO Usuario (id, username, password, consejero) VALUES (68, null, null, false);
INSERT INTO Usuario (id, username, password, consejero) VALUES (69, null, null, false);
INSERT INTO Usuario (id, username, password, consejero) VALUES (70, null, null, false);
INSERT INTO Usuario (id, username, password, consejero) VALUES (71, null, null, false);
INSERT INTO Usuario (id, username, password, consejero) VALUES (72, null, null, false);
INSERT INTO Usuario (id, username, password, consejero) VALUES (73, null, null, false);
INSERT INTO Usuario (id, username, password, consejero) VALUES (74, null, null, false);
INSERT INTO Usuario (id, username, password, consejero) VALUES (75, null, null, false);
INSERT INTO Usuario (id, username, password, consejero) VALUES (76, null, null, false);
INSERT INTO Usuario (id, username, password, consejero) VALUES (77, null, null, false);
INSERT INTO Usuario (id, username, password, consejero) VALUES (78, null, null, false);
INSERT INTO Usuario (id, username, password, consejero) VALUES (79, null, null, false);
INSERT INTO Usuario (id, username, password, consejero) VALUES (80, null, null, false);
INSERT INTO Usuario (id, username, password, consejero) VALUES (81, null, null, false);
INSERT INTO Usuario (id, username, password, consejero) VALUES (82, null, null, false);
INSERT INTO Usuario (id, username, password, consejero) VALUES (83, null, null, false);
INSERT INTO Usuario (id, username, password, consejero) VALUES (84, null, null, false);
INSERT INTO Usuario (id, username, password, consejero) VALUES (85, null, null, false);
INSERT INTO Usuario (id, username, password, consejero) VALUES (86, null, null, false);
INSERT INTO Usuario (id, username, password, consejero) VALUES (87, null, null, false);
INSERT INTO Usuario (id, username, password, consejero) VALUES (88, null, null, false);
INSERT INTO Usuario (id, username, password, consejero) VALUES (89, null, null, false);
INSERT INTO Usuario (id, username, password, consejero) VALUES (90, null, null, false);
INSERT INTO Usuario (id, username, password, consejero) VALUES (91, null, null, false);
INSERT INTO Usuario (id, username, password, consejero) VALUES (92, null, null, false);
INSERT INTO Usuario (id, username, password, consejero) VALUES (93, null, null, false);
INSERT INTO Usuario (id, username, password, consejero) VALUES (94, null, null, false);
INSERT INTO Usuario (id, username, password, consejero) VALUES (95, null, null, false);
INSERT INTO Usuario (id, username, password, consejero) VALUES (96, null, null, false);
INSERT INTO Usuario (id, username, password, consejero) VALUES (97, null, null, false);
INSERT INTO Usuario (id, username, password, consejero) VALUES (98, null, null, false);
INSERT INTO Usuario (id, username, password, consejero) VALUES (99, null, null, false);
INSERT INTO Usuario (id, username, password, consejero) VALUES (100, null, null, false);


INSERT INTO Hermandad (id, nombre, dia) VALUES (1, 'El Amor', 'DOMINGO_DE_RAMOS');
INSERT INTO Hermandad (id, nombre, dia) VALUES (2, 'Los Despojos', 'DOMINGO_DE_RAMOS');
INSERT INTO Hermandad (id, nombre, dia) VALUES (3, 'La Paz', 'DOMINGO_DE_RAMOS');
INSERT INTO Hermandad (id, nombre, dia) VALUES (4, 'La Cena', 'DOMINGO_DE_RAMOS');
INSERT INTO Hermandad (id, nombre, dia) VALUES (5, 'La Hiniesta', 'DOMINGO_DE_RAMOS');
INSERT INTO Hermandad (id, nombre, dia) VALUES (6, 'San Roque', 'DOMINGO_DE_RAMOS');
INSERT INTO Hermandad (id, nombre, dia) VALUES (7, 'La Estrella', 'DOMINGO_DE_RAMOS');
INSERT INTO Hermandad (id, nombre, dia) VALUES (8, 'La Amargura', 'DOMINGO_DE_RAMOS');
INSERT INTO Hermandad (id, nombre, dia) VALUES (9, 'San Pablo', 'LUNES_SANTO');
INSERT INTO Hermandad (id, nombre, dia) VALUES (10, 'La Redención', 'LUNES_SANTO');
INSERT INTO Hermandad (id, nombre, dia) VALUES (11, 'Santa Genoveva', 'LUNES_SANTO');
INSERT INTO Hermandad (id, nombre, dia) VALUES (12, 'Santa Marta', 'LUNES_SANTO');
INSERT INTO Hermandad (id, nombre, dia) VALUES (13, 'San Gonzalo', 'LUNES_SANTO');
INSERT INTO Hermandad (id, nombre, dia) VALUES (14, 'Vera Cruz', 'LUNES_SANTO');
INSERT INTO Hermandad (id, nombre, dia) VALUES (15, 'Las Penas', 'LUNES_SANTO');
INSERT INTO Hermandad (id, nombre, dia) VALUES (16, 'Las Aguas', 'LUNES_SANTO');
INSERT INTO Hermandad (id, nombre, dia) VALUES (17, 'El Museo', 'LUNES_SANTO');
INSERT INTO Hermandad (id, nombre, dia) VALUES (18, 'El Cerro', 'MARTES_SANTO');
INSERT INTO Hermandad (id, nombre, dia) VALUES (19, 'San Esteban', 'MARTES_SANTO');
INSERT INTO Hermandad (id, nombre, dia) VALUES (20, 'La Candelaria', 'MARTES_SANTO');
INSERT INTO Hermandad (id, nombre, dia) VALUES (21, 'San Benito', 'MARTES_SANTO');
INSERT INTO Hermandad (id, nombre, dia) VALUES (22, 'La Bofetá', 'MARTES_SANTO');
INSERT INTO Hermandad (id, nombre, dia) VALUES (23, 'Los Javieres', 'MARTES_SANTO');
INSERT INTO Hermandad (id, nombre, dia) VALUES (24, 'Los Estudiantes', 'MARTES_SANTO');
INSERT INTO Hermandad (id, nombre, dia) VALUES (25, 'Santa Cruz', 'MARTES_SANTO');
INSERT INTO Hermandad (id, nombre, dia) VALUES (26, 'El Carmen', 'MIERCOLES_SANTO');
INSERT INTO Hermandad (id, nombre, dia) VALUES (27, 'El Buen Fin', 'MIERCOLES_SANTO');
INSERT INTO Hermandad (id, nombre, dia) VALUES (28, 'La Sed', 'MIERCOLES_SANTO');
INSERT INTO Hermandad (id, nombre, dia) VALUES (29, 'San Bernardo', 'MIERCOLES_SANTO');
INSERT INTO Hermandad (id, nombre, dia) VALUES (30, 'La Lanzada', 'MIERCOLES_SANTO');
INSERT INTO Hermandad (id, nombre, dia) VALUES (31, 'El Baratillo', 'MIERCOLES_SANTO');
INSERT INTO Hermandad (id, nombre, dia) VALUES (32, 'Los Panaderos', 'MIERCOLES_SANTO');
INSERT INTO Hermandad (id, nombre, dia) VALUES (33, 'Las Siete Palabras', 'MIERCOLES_SANTO');
INSERT INTO Hermandad (id, nombre, dia) VALUES (34, 'El Cristo de Burgos', 'MIERCOLES_SANTO');
INSERT INTO Hermandad (id, nombre, dia) VALUES (35, 'Los Negritos', 'JUEVES_SANTO');
INSERT INTO Hermandad (id, nombre, dia) VALUES (36, 'Las Cigarreras', 'JUEVES_SANTO');
INSERT INTO Hermandad (id, nombre, dia) VALUES (37, 'La Exaltación', 'JUEVES_SANTO');
INSERT INTO Hermandad (id, nombre, dia) VALUES (38, 'El Valle', 'JUEVES_SANTO');
INSERT INTO Hermandad (id, nombre, dia) VALUES (39, 'Montesión', 'JUEVES_SANTO');
INSERT INTO Hermandad (id, nombre, dia) VALUES (40, 'La Quinta Angustia', 'JUEVES_SANTO');
INSERT INTO Hermandad (id, nombre, dia) VALUES (41, 'Pasión', 'JUEVES_SANTO');
INSERT INTO Hermandad (id, nombre, dia) VALUES (42, 'El Silencio', 'MADRUGA');
INSERT INTO Hermandad (id, nombre, dia) VALUES (43, 'El Gran Poder', 'MADRUGA');
INSERT INTO Hermandad (id, nombre, dia) VALUES (44, 'La Macarena', 'MADRUGA');
INSERT INTO Hermandad (id, nombre, dia) VALUES (45, 'El Calvario', 'MADRUGA');
INSERT INTO Hermandad (id, nombre, dia) VALUES (46, 'La Esperanza de Triana', 'MADRUGA');
INSERT INTO Hermandad (id, nombre, dia) VALUES (47, 'Los Gitanos', 'MADRUGA');
INSERT INTO Hermandad (id, nombre, dia) VALUES (48, 'La Carreteria', 'VIERNES_SANTO');
INSERT INTO Hermandad (id, nombre, dia) VALUES (49, 'San Buenaventura', 'VIERNES_SANTO');
INSERT INTO Hermandad (id, nombre, dia) VALUES (50, 'El Cachorro', 'VIERNES_SANTO');
INSERT INTO Hermandad (id, nombre, dia) VALUES (51, 'La O', 'VIERNES_SANTO');
INSERT INTO Hermandad (id, nombre, dia) VALUES (52, 'San Isidoro', 'VIERNES_SANTO');
INSERT INTO Hermandad (id, nombre, dia) VALUES (53, 'Montserrat', 'VIERNES_SANTO');
INSERT INTO Hermandad (id, nombre, dia) VALUES (54, 'La Mortaja', 'VIERNES_SANTO');
INSERT INTO Hermandad (id, nombre, dia) VALUES (55, 'El Sol', 'SABADO_SANTO');
INSERT INTO Hermandad (id, nombre, dia) VALUES (56, 'Los Servitas', 'SABADO_SANTO');
INSERT INTO Hermandad (id, nombre, dia) VALUES (57, 'La Trinidad', 'SABADO_SANTO');
INSERT INTO Hermandad (id, nombre, dia) VALUES (58, 'El Santo Entierro', 'SABADO_SANTO');
INSERT INTO Hermandad (id, nombre, dia) VALUES (59, 'La Soledad', 'SABADO_SANTO');
INSERT INTO Hermandad (id, nombre, dia) VALUES (60, 'La Resurrección', 'DOMINGO_DE_RESURRECCION');

INSERT INTO Propietario (id, dni, nombre, apellidos, hermandad_id) VALUES (1, '89088712Y', 'Francisco', 'Vélez de Luna', 52);
INSERT INTO Propietario (id, dni, nombre, apellidos, hermandad_id) VALUES (2, '21135681S', 'Antonio', 'Martínez López', 40);
INSERT INTO Propietario (id, dni, nombre, apellidos, hermandad_id) VALUES (3, '74651214E', 'Augusto', 'Martínez Gentil', 27);
INSERT INTO Propietario (id, dni, nombre, apellidos, hermandad_id) VALUES (4, '91025801N', 'Vicente', 'Cano Dorado', 16);
INSERT INTO Propietario (id, dni, nombre, apellidos, hermandad_id) VALUES (5, '61261990H', 'Carlota', 'Pérez García', 7);
INSERT INTO Propietario (id, dni, nombre, apellidos, hermandad_id) VALUES (6, '94632767A', 'Isabel', 'Parladé Girón', 10);
INSERT INTO Propietario (id, dni, nombre, apellidos, hermandad_id) VALUES (7, '32359850T', 'Amor', 'Pérez Ayala', 54);
INSERT INTO Propietario (id, dni, nombre, apellidos, hermandad_id) VALUES (8, '87976309K', 'Gracia', 'Parladé Tejada', 6);
INSERT INTO Propietario (id, dni, nombre, apellidos, hermandad_id) VALUES (9, '22232596Z', 'María', 'Ayala Salinas', 60);
INSERT INTO Propietario (id, dni, nombre, apellidos, hermandad_id) VALUES (10, '37414274J', 'Mencia', 'Romero López', 54);
INSERT INTO Propietario (id, dni, nombre, apellidos, hermandad_id) VALUES (11, '66178154R', 'Miguel', 'Salinas López', 43);
INSERT INTO Propietario (id, dni, nombre, apellidos, hermandad_id) VALUES (12, '14882289R', 'Amparo', 'Melgarejo Acosta', 12);
INSERT INTO Propietario (id, dni, nombre, apellidos, hermandad_id) VALUES (13, '83834678T', 'Augusto', 'Melgarejo Conradi', 43);
INSERT INTO Propietario (id, dni, nombre, apellidos, hermandad_id) VALUES (14, '61672117D', 'Jaime', 'Gentil Acosta', 27);
INSERT INTO Propietario (id, dni, nombre, apellidos, hermandad_id) VALUES (15, '18700912A', 'Agustin', 'Girón Rubio', 5);
INSERT INTO Propietario (id, dni, nombre, apellidos, hermandad_id) VALUES (16, '37475205V', 'Amparo', 'Pérez Gómez', 50);
INSERT INTO Propietario (id, dni, nombre, apellidos, hermandad_id) VALUES (17, '20696385L', 'Teresa', 'Cano Durán', 24);
INSERT INTO Propietario (id, dni, nombre, apellidos, hermandad_id) VALUES (18, '52775365W', 'Isabel', 'Luque Chaves', 11);
INSERT INTO Propietario (id, dni, nombre, apellidos, hermandad_id) VALUES (19, '40335092S', 'Rafael', 'Cano Dorado', 41);
INSERT INTO Propietario (id, dni, nombre, apellidos, hermandad_id) VALUES (20, '72131838C', 'Jaime', 'Girón Conradi', 1);
INSERT INTO Propietario (id, dni, nombre, apellidos, hermandad_id) VALUES (21, '57363396Q', 'Alvaro', 'Luque Pérez', 47);
INSERT INTO Propietario (id, dni, nombre, apellidos, hermandad_id) VALUES (22, '46990500M', 'Amor', 'Rubio López', 27);
INSERT INTO Propietario (id, dni, nombre, apellidos, hermandad_id) VALUES (23, '40029479A', 'Mencia', 'Silva Chaves', 38);
INSERT INTO Propietario (id, dni, nombre, apellidos, hermandad_id) VALUES (24, '93181232K', 'Ignacio', 'Campos Durán', 24);
INSERT INTO Propietario (id, dni, nombre, apellidos, hermandad_id) VALUES (25, '48375660J', 'Ignacio', 'Rodríguez Salinas', 19);
INSERT INTO Propietario (id, dni, nombre, apellidos, hermandad_id) VALUES (26, '99375132K', 'Gracia', 'Melgarejo Pérez', 2);
INSERT INTO Propietario (id, dni, nombre, apellidos, hermandad_id) VALUES (27, '45047133T', 'José María', 'Losada Gómez', 44);
INSERT INTO Propietario (id, dni, nombre, apellidos, hermandad_id) VALUES (28, '98140927L', 'Alejandro', 'Chaves Melgarejo', 59);
INSERT INTO Propietario (id, dni, nombre, apellidos, hermandad_id) VALUES (29, '20696752H', 'Luis', 'Rubio González', 56);
INSERT INTO Propietario (id, dni, nombre, apellidos, hermandad_id) VALUES (30, '28394611F', 'Mencia', 'Soto Pérez', 48);
INSERT INTO Propietario (id, dni, nombre, apellidos, hermandad_id) VALUES (31, '88628057H', 'Augusto', 'López Parladé', 51);
INSERT INTO Propietario (id, dni, nombre, apellidos, hermandad_id) VALUES (32, '73767671R', 'José', 'Dorado Campos', 12);
INSERT INTO Propietario (id, dni, nombre, apellidos, hermandad_id) VALUES (33, '94944184T', 'Alfonso', 'Girón García', 12);
INSERT INTO Propietario (id, dni, nombre, apellidos, hermandad_id) VALUES (34, '88231322X', 'Mariana', 'Romero Dorado', 59);
INSERT INTO Propietario (id, dni, nombre, apellidos, hermandad_id) VALUES (35, '93553766R', 'Mencia', 'González Romero', 14);
INSERT INTO Propietario (id, dni, nombre, apellidos, hermandad_id) VALUES (36, '40952219Y', 'Belén', 'Ayala Melgarejo', 36);
INSERT INTO Propietario (id, dni, nombre, apellidos, hermandad_id) VALUES (37, '28152855G', 'Enrique', 'Pérez Martínez', 35);
INSERT INTO Propietario (id, dni, nombre, apellidos, hermandad_id) VALUES (38, '50005412P', 'Reyes', 'Girón Silva', 4);
INSERT INTO Propietario (id, dni, nombre, apellidos, hermandad_id) VALUES (39, '94389087P', 'Carlos', 'Pérez González', 23);
INSERT INTO Propietario (id, dni, nombre, apellidos, hermandad_id) VALUES (40, '84811583A', 'Vicente', 'Rubio Martínez', 47);
INSERT INTO Propietario (id, dni, nombre, apellidos, hermandad_id) VALUES (41, '52157236K', 'Mario', 'López Conradi', 42);
INSERT INTO Propietario (id, dni, nombre, apellidos, hermandad_id) VALUES (42, '45258701Z', 'Pablo', 'Martínez Acosta', 20);
INSERT INTO Propietario (id, dni, nombre, apellidos, hermandad_id) VALUES (43, '85862858V', 'Alejandro', 'Luque Chaves', 37);
INSERT INTO Propietario (id, dni, nombre, apellidos, hermandad_id) VALUES (44, '58744168Y', 'Ricardo', 'Girón González', 8);
INSERT INTO Propietario (id, dni, nombre, apellidos, hermandad_id) VALUES (45, '96142621E', 'José Manuel', 'Fernandez Chaves', 51);
INSERT INTO Propietario (id, dni, nombre, apellidos, hermandad_id) VALUES (46, '82165135G', 'José María', 'Parladé Martínez', 34);
INSERT INTO Propietario (id, dni, nombre, apellidos, hermandad_id) VALUES (47, '86634139Q', 'José', 'Fernandez Girón', 20);
INSERT INTO Propietario (id, dni, nombre, apellidos, hermandad_id) VALUES (48, '17308027K', 'Miguel', 'Girón Losada', 12);
INSERT INTO Propietario (id, dni, nombre, apellidos, hermandad_id) VALUES (49, '40854200J', 'Javier', 'Salinas Martínez', 59);
INSERT INTO Propietario (id, dni, nombre, apellidos, hermandad_id) VALUES (50, '59472280F', 'Augusto', 'Gómez Rodríguez', 8);
INSERT INTO Propietario (id, dni, nombre, apellidos, hermandad_id) VALUES (51, '90558537Q', 'Encarnacion', 'Acosta Tejada', 46);
INSERT INTO Propietario (id, dni, nombre, apellidos, hermandad_id) VALUES (52, '26481534R', 'Encarnacion', 'Conradi González', 43);
INSERT INTO Propietario (id, dni, nombre, apellidos, hermandad_id) VALUES (53, '63536318Z', 'Lucía', 'Parladé Pérez', 56);
INSERT INTO Propietario (id, dni, nombre, apellidos, hermandad_id) VALUES (54, '62679768F', 'Encarnacion', 'Durán Fernandez', 43);
INSERT INTO Propietario (id, dni, nombre, apellidos, hermandad_id) VALUES (55, '17333058M', 'Belén', 'Durán Romero', 42);
INSERT INTO Propietario (id, dni, nombre, apellidos, hermandad_id) VALUES (56, '77633515M', 'Lucía', 'Acosta López', 42);
INSERT INTO Propietario (id, dni, nombre, apellidos, hermandad_id) VALUES (57, '25645253T', 'Ana', 'Rubio Conradi', 56);
INSERT INTO Propietario (id, dni, nombre, apellidos, hermandad_id) VALUES (58, '69750487C', 'Vicente', 'García Ayala', 3);
INSERT INTO Propietario (id, dni, nombre, apellidos, hermandad_id) VALUES (59, '66891333L', 'Rocio', 'Soto García', 39);
INSERT INTO Propietario (id, dni, nombre, apellidos, hermandad_id) VALUES (60, '62799390Y', 'Amparo', 'Haro Girón', 13);
INSERT INTO Propietario (id, dni, nombre, apellidos, hermandad_id) VALUES (61, '76191724S', 'Mencia', 'Gómez Acosta', 38);
INSERT INTO Propietario (id, dni, nombre, apellidos, hermandad_id) VALUES (62, '66369627E', 'Ignacio', 'Melgarejo Girón', 24);
INSERT INTO Propietario (id, dni, nombre, apellidos, hermandad_id) VALUES (63, '36509345L', 'Belén', 'Begines Gómez', 25);
INSERT INTO Propietario (id, dni, nombre, apellidos, hermandad_id) VALUES (64, '27867426M', 'Jaime', 'Rubio García', 49);
INSERT INTO Propietario (id, dni, nombre, apellidos, hermandad_id) VALUES (65, '98964826N', 'Marina', 'Gentil Chaves', 1);
INSERT INTO Propietario (id, dni, nombre, apellidos, hermandad_id) VALUES (66, '93673257F', 'Mario', 'Acosta González', 52);
INSERT INTO Propietario (id, dni, nombre, apellidos, hermandad_id) VALUES (67, '22751152N', 'Augusto', 'Gentil Romero', 5);
INSERT INTO Propietario (id, dni, nombre, apellidos, hermandad_id) VALUES (68, '45254182A', 'Gracia', 'Salinas Dorado', 14);
INSERT INTO Propietario (id, dni, nombre, apellidos, hermandad_id) VALUES (69, '63224991S', 'Alejandro', 'Soto Melgarejo', 38);
INSERT INTO Propietario (id, dni, nombre, apellidos, hermandad_id) VALUES (70, '32265853G', 'Antonio', 'García Ayala', 57);
INSERT INTO Propietario (id, dni, nombre, apellidos, hermandad_id) VALUES (71, '47557783Q', 'Reyes', 'Soto Dorado', 52);
INSERT INTO Propietario (id, dni, nombre, apellidos, hermandad_id) VALUES (72, '35961061D', 'Teresa', 'Fernandez González', 19);
INSERT INTO Propietario (id, dni, nombre, apellidos, hermandad_id) VALUES (73, '26471065C', 'Enrique', 'Martínez Haro', 21);
INSERT INTO Propietario (id, dni, nombre, apellidos, hermandad_id) VALUES (74, '65447026C', 'Encarnacion', 'Tejada Durán', 16);
INSERT INTO Propietario (id, dni, nombre, apellidos, hermandad_id) VALUES (75, '53628862S', 'Isabel', 'Durán Durán', 37);
INSERT INTO Propietario (id, dni, nombre, apellidos, hermandad_id) VALUES (76, '14036507K', 'Vicente', 'Tejada Begines', 13);
INSERT INTO Propietario (id, dni, nombre, apellidos, hermandad_id) VALUES (77, '56574247C', 'Esther', 'López Luque', 60);
INSERT INTO Propietario (id, dni, nombre, apellidos, hermandad_id) VALUES (78, '58116124T', 'Lucía', 'López Martínez', 11);
INSERT INTO Propietario (id, dni, nombre, apellidos, hermandad_id) VALUES (79, '93665898P', 'Mario', 'Conradi Silva', 57);
INSERT INTO Propietario (id, dni, nombre, apellidos, hermandad_id) VALUES (80, '93940040J', 'Ignacio', 'Dorado Acosta', 1);
INSERT INTO Propietario (id, dni, nombre, apellidos, hermandad_id) VALUES (81, '50575210G', 'Mariana', 'González Chaves', 46);
INSERT INTO Propietario (id, dni, nombre, apellidos, hermandad_id) VALUES (82, '93451132Q', 'Ana', 'Fernandez Melgarejo', 13);
INSERT INTO Propietario (id, dni, nombre, apellidos, hermandad_id) VALUES (83, '30663184K', 'Javier', 'Chaves Chaves', 38);
INSERT INTO Propietario (id, dni, nombre, apellidos, hermandad_id) VALUES (84, '61321463J', 'Marina', 'Durán Begines', 3);
INSERT INTO Propietario (id, dni, nombre, apellidos, hermandad_id) VALUES (85, '36452526X', 'José Manuel', 'García Silva', 18);
INSERT INTO Propietario (id, dni, nombre, apellidos, hermandad_id) VALUES (86, '29924375H', 'Encarnacion', 'González Soto', 36);
INSERT INTO Propietario (id, dni, nombre, apellidos, hermandad_id) VALUES (87, '54585034P', 'Mariana', 'Rodríguez Gómez', 46);
INSERT INTO Propietario (id, dni, nombre, apellidos, hermandad_id) VALUES (88, '79202883Z', 'Pablo', 'Conradi Girón', 48);
INSERT INTO Propietario (id, dni, nombre, apellidos, hermandad_id) VALUES (89, '11372119E', 'Luis', 'Silva Chaves', 9);
INSERT INTO Propietario (id, dni, nombre, apellidos, hermandad_id) VALUES (90, '65449582T', 'José María', 'García Acosta', 31);
INSERT INTO Propietario (id, dni, nombre, apellidos, hermandad_id) VALUES (91, '83331189G', 'Borja', 'Campos Acosta', 53);
INSERT INTO Propietario (id, dni, nombre, apellidos, hermandad_id) VALUES (92, '10350531W', 'Francisco José', 'Luque Cano', 18);
INSERT INTO Propietario (id, dni, nombre, apellidos, hermandad_id) VALUES (93, '80404518Z', 'Alfonso', 'Pérez Acosta', 1);
INSERT INTO Propietario (id, dni, nombre, apellidos, hermandad_id) VALUES (94, '76125119H', 'Pedro', 'Parladé Campos', 18);
INSERT INTO Propietario (id, dni, nombre, apellidos, hermandad_id) VALUES (95, '68989171G', 'María Dolores', 'Girón Tejada', 2);
INSERT INTO Propietario (id, dni, nombre, apellidos, hermandad_id) VALUES (96, '36081431C', 'Esther', 'Silva Durán', 45);
INSERT INTO Propietario (id, dni, nombre, apellidos, hermandad_id) VALUES (97, '32200804E', 'Vicente', 'Salinas Ayala', 30);
INSERT INTO Propietario (id, dni, nombre, apellidos, hermandad_id) VALUES (98, '33776529V', 'Manuel', 'Rodríguez Rubio', 18);
INSERT INTO Propietario (id, dni, nombre, apellidos, hermandad_id) VALUES (99, '10292710A', 'Pedro', 'Rubio Tejada', 16);
INSERT INTO Propietario (id, dni, nombre, apellidos, hermandad_id) VALUES (100, '61508137L', 'Teresa', 'Gentil Silva', 47);

INSERT INTO Sector (id, localizacion, precio) VALUES (1, 'Campana', 299);
INSERT INTO Sector (id, localizacion, precio) VALUES (2, 'Sierpes', 249);
INSERT INTO Sector (id, localizacion, precio) VALUES (3, 'Plaza de San Francisco', 1099);
INSERT INTO Sector (id, localizacion, precio) VALUES (4, 'Avenida', 199);
INSERT INTO Sector (id, localizacion, precio) VALUES (5, 'Catedral', 149);
INSERT INTO Sector (id, localizacion, precio) VALUES (6, 'Plaza Virgen de los Reyes', 289);

INSERT INTO Localidad (id, fila, num_localidad, tipo_localidad, propietario_id, sector_id) VALUES (1, 1, 1, 'SILLA', null, 1);
INSERT INTO Localidad (id, fila, num_localidad, tipo_localidad, propietario_id, sector_id) VALUES (2, 1, 2, 'SILLA', null, 1);
INSERT INTO Localidad (id, fila, num_localidad, tipo_localidad, propietario_id, sector_id) VALUES (3, 1, 3, 'SILLA', 76, 1);
INSERT INTO Localidad (id, fila, num_localidad, tipo_localidad, propietario_id, sector_id) VALUES (4, 1, 4, 'SILLA', 5, 1);
INSERT INTO Localidad (id, fila, num_localidad, tipo_localidad, propietario_id, sector_id) VALUES (5, 1, 5, 'SILLA', null, 1);
INSERT INTO Localidad (id, fila, num_localidad, tipo_localidad, propietario_id, sector_id) VALUES (6, 1, 6, 'SILLA', 98, 1);
INSERT INTO Localidad (id, fila, num_localidad, tipo_localidad, propietario_id, sector_id) VALUES (7, 1, 7, 'SILLA', 75, 1);
INSERT INTO Localidad (id, fila, num_localidad, tipo_localidad, propietario_id, sector_id) VALUES (8, 1, 8, 'SILLA', 18, 1);
INSERT INTO Localidad (id, fila, num_localidad, tipo_localidad, propietario_id, sector_id) VALUES (9, 2, 1, 'SILLA', null, 1);
INSERT INTO Localidad (id, fila, num_localidad, tipo_localidad, propietario_id, sector_id) VALUES (10, 2, 2, 'SILLA', null, 1);
INSERT INTO Localidad (id, fila, num_localidad, tipo_localidad, propietario_id, sector_id) VALUES (11, 2, 3, 'SILLA', null, 1);
INSERT INTO Localidad (id, fila, num_localidad, tipo_localidad, propietario_id, sector_id) VALUES (12, 2, 4, 'SILLA', 15, 1);
INSERT INTO Localidad (id, fila, num_localidad, tipo_localidad, propietario_id, sector_id) VALUES (13, 2, 5, 'SILLA', 2, 1);
INSERT INTO Localidad (id, fila, num_localidad, tipo_localidad, propietario_id, sector_id) VALUES (14, 2, 6, 'SILLA', null, 1);
INSERT INTO Localidad (id, fila, num_localidad, tipo_localidad, propietario_id, sector_id) VALUES (15, 2, 7, 'SILLA', 10, 1);
INSERT INTO Localidad (id, fila, num_localidad, tipo_localidad, propietario_id, sector_id) VALUES (16, 2, 8, 'SILLA', 74, 1);
INSERT INTO Localidad (id, fila, num_localidad, tipo_localidad, propietario_id, sector_id) VALUES (17, 3, 1, 'SILLA', null, 1);
INSERT INTO Localidad (id, fila, num_localidad, tipo_localidad, propietario_id, sector_id) VALUES (18, 3, 2, 'SILLA', 81, 1);
INSERT INTO Localidad (id, fila, num_localidad, tipo_localidad, propietario_id, sector_id) VALUES (19, 3, 3, 'SILLA', 59, 1);
INSERT INTO Localidad (id, fila, num_localidad, tipo_localidad, propietario_id, sector_id) VALUES (20, 3, 4, 'SILLA', 34, 1);
INSERT INTO Localidad (id, fila, num_localidad, tipo_localidad, propietario_id, sector_id) VALUES (21, 3, 5, 'SILLA', null, 1);
INSERT INTO Localidad (id, fila, num_localidad, tipo_localidad, propietario_id, sector_id) VALUES (22, 3, 6, 'SILLA', 17, 1);
INSERT INTO Localidad (id, fila, num_localidad, tipo_localidad, propietario_id, sector_id) VALUES (23, 3, 7, 'SILLA', 3, 1);
INSERT INTO Localidad (id, fila, num_localidad, tipo_localidad, propietario_id, sector_id) VALUES (24, 3, 8, 'SILLA', null, 1);
INSERT INTO Localidad (id, fila, num_localidad, tipo_localidad, propietario_id, sector_id) VALUES (25, 1, 1, 'SILLA', null, 2);
INSERT INTO Localidad (id, fila, num_localidad, tipo_localidad, propietario_id, sector_id) VALUES (26, 1, 2, 'SILLA', 41, 2);
INSERT INTO Localidad (id, fila, num_localidad, tipo_localidad, propietario_id, sector_id) VALUES (27, 1, 3, 'SILLA', 73, 2);
INSERT INTO Localidad (id, fila, num_localidad, tipo_localidad, propietario_id, sector_id) VALUES (28, 1, 4, 'SILLA', null, 2);
INSERT INTO Localidad (id, fila, num_localidad, tipo_localidad, propietario_id, sector_id) VALUES (29, 1, 5, 'SILLA', null, 2);
INSERT INTO Localidad (id, fila, num_localidad, tipo_localidad, propietario_id, sector_id) VALUES (30, 1, 6, 'SILLA', null, 2);
INSERT INTO Localidad (id, fila, num_localidad, tipo_localidad, propietario_id, sector_id) VALUES (31, 1, 7, 'SILLA', 4, 2);
INSERT INTO Localidad (id, fila, num_localidad, tipo_localidad, propietario_id, sector_id) VALUES (32, 1, 8, 'SILLA', null, 2);
INSERT INTO Localidad (id, fila, num_localidad, tipo_localidad, propietario_id, sector_id) VALUES (33, 1, 9, 'SILLA', 2, 2);
INSERT INTO Localidad (id, fila, num_localidad, tipo_localidad, propietario_id, sector_id) VALUES (34, 1, 10, 'SILLA', null, 2);
INSERT INTO Localidad (id, fila, num_localidad, tipo_localidad, propietario_id, sector_id) VALUES (35, 1, 11, 'SILLA', 93, 2);
INSERT INTO Localidad (id, fila, num_localidad, tipo_localidad, propietario_id, sector_id) VALUES (36, 1, 12, 'SILLA', 12, 2);
INSERT INTO Localidad (id, fila, num_localidad, tipo_localidad, propietario_id, sector_id) VALUES (37, 2, 1, 'SILLA', 84, 2);
INSERT INTO Localidad (id, fila, num_localidad, tipo_localidad, propietario_id, sector_id) VALUES (38, 2, 2, 'SILLA', null, 2);
INSERT INTO Localidad (id, fila, num_localidad, tipo_localidad, propietario_id, sector_id) VALUES (39, 2, 3, 'SILLA', 5, 2);
INSERT INTO Localidad (id, fila, num_localidad, tipo_localidad, propietario_id, sector_id) VALUES (40, 2, 4, 'SILLA', null, 2);
INSERT INTO Localidad (id, fila, num_localidad, tipo_localidad, propietario_id, sector_id) VALUES (41, 2, 5, 'SILLA', 85, 2);
INSERT INTO Localidad (id, fila, num_localidad, tipo_localidad, propietario_id, sector_id) VALUES (42, 2, 6, 'SILLA', 75, 2);
INSERT INTO Localidad (id, fila, num_localidad, tipo_localidad, propietario_id, sector_id) VALUES (43, 2, 7, 'SILLA', null, 2);
INSERT INTO Localidad (id, fila, num_localidad, tipo_localidad, propietario_id, sector_id) VALUES (44, 2, 8, 'SILLA', null, 2);
INSERT INTO Localidad (id, fila, num_localidad, tipo_localidad, propietario_id, sector_id) VALUES (45, 2, 9, 'SILLA', 78, 2);
INSERT INTO Localidad (id, fila, num_localidad, tipo_localidad, propietario_id, sector_id) VALUES (46, 2, 10, 'SILLA', 77, 2);
INSERT INTO Localidad (id, fila, num_localidad, tipo_localidad, propietario_id, sector_id) VALUES (47, 2, 11, 'SILLA', 22, 2);
INSERT INTO Localidad (id, fila, num_localidad, tipo_localidad, propietario_id, sector_id) VALUES (48, 2, 12, 'SILLA', 16, 2);
INSERT INTO Localidad (id, fila, num_localidad, tipo_localidad, propietario_id, sector_id) VALUES (49, 3, 1, 'SILLA', 47, 2);
INSERT INTO Localidad (id, fila, num_localidad, tipo_localidad, propietario_id, sector_id) VALUES (50, 3, 2, 'SILLA', 37, 2);
INSERT INTO Localidad (id, fila, num_localidad, tipo_localidad, propietario_id, sector_id) VALUES (51, 3, 3, 'SILLA', 73, 2);
INSERT INTO Localidad (id, fila, num_localidad, tipo_localidad, propietario_id, sector_id) VALUES (52, 3, 4, 'SILLA', 2, 2);
INSERT INTO Localidad (id, fila, num_localidad, tipo_localidad, propietario_id, sector_id) VALUES (53, 3, 5, 'SILLA', 64, 2);
INSERT INTO Localidad (id, fila, num_localidad, tipo_localidad, propietario_id, sector_id) VALUES (54, 3, 6, 'SILLA', 61, 2);
INSERT INTO Localidad (id, fila, num_localidad, tipo_localidad, propietario_id, sector_id) VALUES (55, 3, 7, 'SILLA', 9, 2);
INSERT INTO Localidad (id, fila, num_localidad, tipo_localidad, propietario_id, sector_id) VALUES (56, 3, 8, 'SILLA', null, 2);
INSERT INTO Localidad (id, fila, num_localidad, tipo_localidad, propietario_id, sector_id) VALUES (57, 3, 9, 'SILLA', null, 2);
INSERT INTO Localidad (id, fila, num_localidad, tipo_localidad, propietario_id, sector_id) VALUES (58, 3, 10, 'SILLA', null, 2);
INSERT INTO Localidad (id, fila, num_localidad, tipo_localidad, propietario_id, sector_id) VALUES (59, 3, 11, 'SILLA', 24, 2);
INSERT INTO Localidad (id, fila, num_localidad, tipo_localidad, propietario_id, sector_id) VALUES (60, 3, 12, 'SILLA', 19, 2);
INSERT INTO Localidad (id, fila, num_localidad, tipo_localidad, propietario_id, sector_id) VALUES (61, 1, 1, 'PALCO', 2, 3);
INSERT INTO Localidad (id, fila, num_localidad, tipo_localidad, propietario_id, sector_id) VALUES (62, 1, 2, 'PALCO', null, 3);
INSERT INTO Localidad (id, fila, num_localidad, tipo_localidad, propietario_id, sector_id) VALUES (63, 1, 3, 'PALCO', 26, 3);
INSERT INTO Localidad (id, fila, num_localidad, tipo_localidad, propietario_id, sector_id) VALUES (64, 1, 4, 'PALCO', null, 3);
INSERT INTO Localidad (id, fila, num_localidad, tipo_localidad, propietario_id, sector_id) VALUES (65, 1, 5, 'PALCO', 7, 3);
INSERT INTO Localidad (id, fila, num_localidad, tipo_localidad, propietario_id, sector_id) VALUES (66, 1, 6, 'PALCO', 17, 3);
INSERT INTO Localidad (id, fila, num_localidad, tipo_localidad, propietario_id, sector_id) VALUES (67, 2, 1, 'PALCO', 60, 3);
INSERT INTO Localidad (id, fila, num_localidad, tipo_localidad, propietario_id, sector_id) VALUES (68, 2, 2, 'PALCO', null, 3);
INSERT INTO Localidad (id, fila, num_localidad, tipo_localidad, propietario_id, sector_id) VALUES (69, 2, 3, 'PALCO', 1, 3);
INSERT INTO Localidad (id, fila, num_localidad, tipo_localidad, propietario_id, sector_id) VALUES (70, 2, 4, 'PALCO', 59, 3);
INSERT INTO Localidad (id, fila, num_localidad, tipo_localidad, propietario_id, sector_id) VALUES (71, 2, 5, 'PALCO', 2, 3);
INSERT INTO Localidad (id, fila, num_localidad, tipo_localidad, propietario_id, sector_id) VALUES (72, 2, 6, 'PALCO', null, 3);
INSERT INTO Localidad (id, fila, num_localidad, tipo_localidad, propietario_id, sector_id) VALUES (73, 1, 1, 'SILLA', null, 4);
INSERT INTO Localidad (id, fila, num_localidad, tipo_localidad, propietario_id, sector_id) VALUES (74, 1, 2, 'SILLA', null, 4);
INSERT INTO Localidad (id, fila, num_localidad, tipo_localidad, propietario_id, sector_id) VALUES (75, 1, 3, 'SILLA', 6, 4);
INSERT INTO Localidad (id, fila, num_localidad, tipo_localidad, propietario_id, sector_id) VALUES (76, 1, 4, 'SILLA', 1, 4);
INSERT INTO Localidad (id, fila, num_localidad, tipo_localidad, propietario_id, sector_id) VALUES (77, 1, 5, 'SILLA', 40, 4);
INSERT INTO Localidad (id, fila, num_localidad, tipo_localidad, propietario_id, sector_id) VALUES (78, 1, 6, 'SILLA', 74, 4);
INSERT INTO Localidad (id, fila, num_localidad, tipo_localidad, propietario_id, sector_id) VALUES (79, 1, 7, 'SILLA', 27, 4);
INSERT INTO Localidad (id, fila, num_localidad, tipo_localidad, propietario_id, sector_id) VALUES (80, 1, 8, 'SILLA', 73, 4);
INSERT INTO Localidad (id, fila, num_localidad, tipo_localidad, propietario_id, sector_id) VALUES (81, 1, 9, 'SILLA', 34, 4);
INSERT INTO Localidad (id, fila, num_localidad, tipo_localidad, propietario_id, sector_id) VALUES (82, 1, 10, 'SILLA', 10, 4);
INSERT INTO Localidad (id, fila, num_localidad, tipo_localidad, propietario_id, sector_id) VALUES (83, 1, 11, 'SILLA', 7, 4);
INSERT INTO Localidad (id, fila, num_localidad, tipo_localidad, propietario_id, sector_id) VALUES (84, 1, 12, 'SILLA', 58, 4);
INSERT INTO Localidad (id, fila, num_localidad, tipo_localidad, propietario_id, sector_id) VALUES (85, 1, 13, 'SILLA', null, 4);
INSERT INTO Localidad (id, fila, num_localidad, tipo_localidad, propietario_id, sector_id) VALUES (86, 1, 14, 'SILLA', null, 4);
INSERT INTO Localidad (id, fila, num_localidad, tipo_localidad, propietario_id, sector_id) VALUES (87, 1, 15, 'SILLA', null, 4);
INSERT INTO Localidad (id, fila, num_localidad, tipo_localidad, propietario_id, sector_id) VALUES (88, 1, 16, 'SILLA', null, 4);
INSERT INTO Localidad (id, fila, num_localidad, tipo_localidad, propietario_id, sector_id) VALUES (89, 2, 1, 'SILLA', 10, 4);
INSERT INTO Localidad (id, fila, num_localidad, tipo_localidad, propietario_id, sector_id) VALUES (90, 2, 2, 'SILLA', 92, 4);
INSERT INTO Localidad (id, fila, num_localidad, tipo_localidad, propietario_id, sector_id) VALUES (91, 2, 3, 'SILLA', 30, 4);
INSERT INTO Localidad (id, fila, num_localidad, tipo_localidad, propietario_id, sector_id) VALUES (92, 2, 4, 'SILLA', 77, 4);
INSERT INTO Localidad (id, fila, num_localidad, tipo_localidad, propietario_id, sector_id) VALUES (93, 2, 5, 'SILLA', 51, 4);
INSERT INTO Localidad (id, fila, num_localidad, tipo_localidad, propietario_id, sector_id) VALUES (94, 2, 6, 'SILLA', 19, 4);
INSERT INTO Localidad (id, fila, num_localidad, tipo_localidad, propietario_id, sector_id) VALUES (95, 2, 7, 'SILLA', null, 4);
INSERT INTO Localidad (id, fila, num_localidad, tipo_localidad, propietario_id, sector_id) VALUES (96, 2, 8, 'SILLA', null, 4);
INSERT INTO Localidad (id, fila, num_localidad, tipo_localidad, propietario_id, sector_id) VALUES (97, 2, 9, 'SILLA', null, 4);
INSERT INTO Localidad (id, fila, num_localidad, tipo_localidad, propietario_id, sector_id) VALUES (98, 2, 10, 'SILLA', 26, 4);
INSERT INTO Localidad (id, fila, num_localidad, tipo_localidad, propietario_id, sector_id) VALUES (99, 2, 11, 'SILLA', 93, 4);
INSERT INTO Localidad (id, fila, num_localidad, tipo_localidad, propietario_id, sector_id) VALUES (100, 2, 12, 'SILLA', 47, 4);
INSERT INTO Localidad (id, fila, num_localidad, tipo_localidad, propietario_id, sector_id) VALUES (101, 2, 13, 'SILLA', 19, 4);
INSERT INTO Localidad (id, fila, num_localidad, tipo_localidad, propietario_id, sector_id) VALUES (102, 2, 14, 'SILLA', 92, 4);
INSERT INTO Localidad (id, fila, num_localidad, tipo_localidad, propietario_id, sector_id) VALUES (103, 2, 15, 'SILLA', 3, 4);
INSERT INTO Localidad (id, fila, num_localidad, tipo_localidad, propietario_id, sector_id) VALUES (104, 2, 16, 'SILLA', null, 4);
INSERT INTO Localidad (id, fila, num_localidad, tipo_localidad, propietario_id, sector_id) VALUES (105, 3, 1, 'SILLA', null, 4);
INSERT INTO Localidad (id, fila, num_localidad, tipo_localidad, propietario_id, sector_id) VALUES (106, 3, 2, 'SILLA', 47, 4);
INSERT INTO Localidad (id, fila, num_localidad, tipo_localidad, propietario_id, sector_id) VALUES (107, 3, 3, 'SILLA', 19, 4);
INSERT INTO Localidad (id, fila, num_localidad, tipo_localidad, propietario_id, sector_id) VALUES (108, 3, 4, 'SILLA', 63, 4);
INSERT INTO Localidad (id, fila, num_localidad, tipo_localidad, propietario_id, sector_id) VALUES (109, 3, 5, 'SILLA', 49, 4);
INSERT INTO Localidad (id, fila, num_localidad, tipo_localidad, propietario_id, sector_id) VALUES (110, 3, 6, 'SILLA', null, 4);
INSERT INTO Localidad (id, fila, num_localidad, tipo_localidad, propietario_id, sector_id) VALUES (111, 3, 7, 'SILLA', 3, 4);
INSERT INTO Localidad (id, fila, num_localidad, tipo_localidad, propietario_id, sector_id) VALUES (112, 3, 8, 'SILLA', null, 4);
INSERT INTO Localidad (id, fila, num_localidad, tipo_localidad, propietario_id, sector_id) VALUES (113, 3, 9, 'SILLA', 4, 4);
INSERT INTO Localidad (id, fila, num_localidad, tipo_localidad, propietario_id, sector_id) VALUES (114, 3, 10, 'SILLA', 37, 4);
INSERT INTO Localidad (id, fila, num_localidad, tipo_localidad, propietario_id, sector_id) VALUES (115, 3, 11, 'SILLA', 42, 4);
INSERT INTO Localidad (id, fila, num_localidad, tipo_localidad, propietario_id, sector_id) VALUES (116, 3, 12, 'SILLA', 10, 4);
INSERT INTO Localidad (id, fila, num_localidad, tipo_localidad, propietario_id, sector_id) VALUES (117, 3, 13, 'SILLA', null, 4);
INSERT INTO Localidad (id, fila, num_localidad, tipo_localidad, propietario_id, sector_id) VALUES (118, 3, 14, 'SILLA', null, 4);
INSERT INTO Localidad (id, fila, num_localidad, tipo_localidad, propietario_id, sector_id) VALUES (119, 3, 15, 'SILLA', 36, 4);
INSERT INTO Localidad (id, fila, num_localidad, tipo_localidad, propietario_id, sector_id) VALUES (120, 3, 16, 'SILLA', 34, 4);
INSERT INTO Localidad (id, fila, num_localidad, tipo_localidad, propietario_id, sector_id) VALUES (121, 4, 1, 'SILLA', 32, 4);
INSERT INTO Localidad (id, fila, num_localidad, tipo_localidad, propietario_id, sector_id) VALUES (122, 4, 2, 'SILLA', 72, 4);
INSERT INTO Localidad (id, fila, num_localidad, tipo_localidad, propietario_id, sector_id) VALUES (123, 4, 3, 'SILLA', 6, 4);
INSERT INTO Localidad (id, fila, num_localidad, tipo_localidad, propietario_id, sector_id) VALUES (124, 4, 4, 'SILLA', 7, 4);
INSERT INTO Localidad (id, fila, num_localidad, tipo_localidad, propietario_id, sector_id) VALUES (125, 4, 5, 'SILLA', null, 4);
INSERT INTO Localidad (id, fila, num_localidad, tipo_localidad, propietario_id, sector_id) VALUES (126, 4, 6, 'SILLA', null, 4);
INSERT INTO Localidad (id, fila, num_localidad, tipo_localidad, propietario_id, sector_id) VALUES (127, 4, 7, 'SILLA', 16, 4);
INSERT INTO Localidad (id, fila, num_localidad, tipo_localidad, propietario_id, sector_id) VALUES (128, 4, 8, 'SILLA', null, 4);
INSERT INTO Localidad (id, fila, num_localidad, tipo_localidad, propietario_id, sector_id) VALUES (129, 4, 9, 'SILLA', 50, 4);
INSERT INTO Localidad (id, fila, num_localidad, tipo_localidad, propietario_id, sector_id) VALUES (130, 4, 10, 'SILLA', 43, 4);
INSERT INTO Localidad (id, fila, num_localidad, tipo_localidad, propietario_id, sector_id) VALUES (131, 4, 11, 'SILLA', 40, 4);
INSERT INTO Localidad (id, fila, num_localidad, tipo_localidad, propietario_id, sector_id) VALUES (132, 4, 12, 'SILLA', 48, 4);
INSERT INTO Localidad (id, fila, num_localidad, tipo_localidad, propietario_id, sector_id) VALUES (133, 4, 13, 'SILLA', 75, 4);
INSERT INTO Localidad (id, fila, num_localidad, tipo_localidad, propietario_id, sector_id) VALUES (134, 4, 14, 'SILLA', null, 4);
INSERT INTO Localidad (id, fila, num_localidad, tipo_localidad, propietario_id, sector_id) VALUES (135, 4, 15, 'SILLA', 81, 4);
INSERT INTO Localidad (id, fila, num_localidad, tipo_localidad, propietario_id, sector_id) VALUES (136, 4, 16, 'SILLA', 42, 4);
INSERT INTO Localidad (id, fila, num_localidad, tipo_localidad, propietario_id, sector_id) VALUES (137, 1, 1, 'SILLA', 74, 5);
INSERT INTO Localidad (id, fila, num_localidad, tipo_localidad, propietario_id, sector_id) VALUES (138, 1, 2, 'SILLA', null, 5);
INSERT INTO Localidad (id, fila, num_localidad, tipo_localidad, propietario_id, sector_id) VALUES (139, 1, 3, 'SILLA', null, 5);
INSERT INTO Localidad (id, fila, num_localidad, tipo_localidad, propietario_id, sector_id) VALUES (140, 1, 4, 'SILLA', null, 5);
INSERT INTO Localidad (id, fila, num_localidad, tipo_localidad, propietario_id, sector_id) VALUES (141, 1, 5, 'SILLA', 79, 5);
INSERT INTO Localidad (id, fila, num_localidad, tipo_localidad, propietario_id, sector_id) VALUES (142, 1, 6, 'SILLA', null, 5);
INSERT INTO Localidad (id, fila, num_localidad, tipo_localidad, propietario_id, sector_id) VALUES (143, 2, 1, 'SILLA', 23, 5);
INSERT INTO Localidad (id, fila, num_localidad, tipo_localidad, propietario_id, sector_id) VALUES (144, 2, 2, 'SILLA', 24, 5);
INSERT INTO Localidad (id, fila, num_localidad, tipo_localidad, propietario_id, sector_id) VALUES (145, 2, 3, 'SILLA', null, 5);
INSERT INTO Localidad (id, fila, num_localidad, tipo_localidad, propietario_id, sector_id) VALUES (146, 2, 4, 'SILLA', null, 5);
INSERT INTO Localidad (id, fila, num_localidad, tipo_localidad, propietario_id, sector_id) VALUES (147, 2, 5, 'SILLA', 41, 5);
INSERT INTO Localidad (id, fila, num_localidad, tipo_localidad, propietario_id, sector_id) VALUES (148, 2, 6, 'SILLA', 22, 5);
INSERT INTO Localidad (id, fila, num_localidad, tipo_localidad, propietario_id, sector_id) VALUES (149, 3, 1, 'SILLA', 59, 5);
INSERT INTO Localidad (id, fila, num_localidad, tipo_localidad, propietario_id, sector_id) VALUES (150, 3, 2, 'SILLA', 63, 5);
INSERT INTO Localidad (id, fila, num_localidad, tipo_localidad, propietario_id, sector_id) VALUES (151, 3, 3, 'SILLA', 2, 5);
INSERT INTO Localidad (id, fila, num_localidad, tipo_localidad, propietario_id, sector_id) VALUES (152, 3, 4, 'SILLA', 50, 5);
INSERT INTO Localidad (id, fila, num_localidad, tipo_localidad, propietario_id, sector_id) VALUES (153, 3, 5, 'SILLA', null, 5);
INSERT INTO Localidad (id, fila, num_localidad, tipo_localidad, propietario_id, sector_id) VALUES (154, 3, 6, 'SILLA', 98, 5);
INSERT INTO Localidad (id, fila, num_localidad, tipo_localidad, propietario_id, sector_id) VALUES (155, 1, 1, 'SILLA', null, 6);
INSERT INTO Localidad (id, fila, num_localidad, tipo_localidad, propietario_id, sector_id) VALUES (156, 1, 2, 'SILLA', 52, 6);
INSERT INTO Localidad (id, fila, num_localidad, tipo_localidad, propietario_id, sector_id) VALUES (157, 1, 3, 'SILLA', 51, 6);
INSERT INTO Localidad (id, fila, num_localidad, tipo_localidad, propietario_id, sector_id) VALUES (158, 1, 4, 'SILLA', 38, 6);
INSERT INTO Localidad (id, fila, num_localidad, tipo_localidad, propietario_id, sector_id) VALUES (159, 1, 5, 'SILLA', null, 6);
INSERT INTO Localidad (id, fila, num_localidad, tipo_localidad, propietario_id, sector_id) VALUES (160, 1, 6, 'SILLA', 37, 6);
INSERT INTO Localidad (id, fila, num_localidad, tipo_localidad, propietario_id, sector_id) VALUES (161, 1, 7, 'SILLA', 20, 6);
INSERT INTO Localidad (id, fila, num_localidad, tipo_localidad, propietario_id, sector_id) VALUES (162, 1, 8, 'SILLA', null, 6);
INSERT INTO Localidad (id, fila, num_localidad, tipo_localidad, propietario_id, sector_id) VALUES (163, 2, 1, 'SILLA', null, 6);
INSERT INTO Localidad (id, fila, num_localidad, tipo_localidad, propietario_id, sector_id) VALUES (164, 2, 2, 'SILLA', 66, 6);
INSERT INTO Localidad (id, fila, num_localidad, tipo_localidad, propietario_id, sector_id) VALUES (165, 2, 3, 'SILLA', 11, 6);
INSERT INTO Localidad (id, fila, num_localidad, tipo_localidad, propietario_id, sector_id) VALUES (166, 2, 4, 'SILLA', 90, 6);
INSERT INTO Localidad (id, fila, num_localidad, tipo_localidad, propietario_id, sector_id) VALUES (167, 2, 5, 'SILLA', 46, 6);
INSERT INTO Localidad (id, fila, num_localidad, tipo_localidad, propietario_id, sector_id) VALUES (168, 2, 6, 'SILLA', 86, 6);
INSERT INTO Localidad (id, fila, num_localidad, tipo_localidad, propietario_id, sector_id) VALUES (169, 2, 7, 'SILLA', 47, 6);
INSERT INTO Localidad (id, fila, num_localidad, tipo_localidad, propietario_id, sector_id) VALUES (170, 2, 8, 'SILLA', null, 6);
INSERT INTO Localidad (id, fila, num_localidad, tipo_localidad, propietario_id, sector_id) VALUES (171, 3, 1, 'SILLA', 21, 6);
INSERT INTO Localidad (id, fila, num_localidad, tipo_localidad, propietario_id, sector_id) VALUES (172, 3, 2, 'SILLA', null, 6);
INSERT INTO Localidad (id, fila, num_localidad, tipo_localidad, propietario_id, sector_id) VALUES (173, 3, 3, 'SILLA', 5, 6);
INSERT INTO Localidad (id, fila, num_localidad, tipo_localidad, propietario_id, sector_id) VALUES (174, 3, 4, 'SILLA', 6, 6);
INSERT INTO Localidad (id, fila, num_localidad, tipo_localidad, propietario_id, sector_id) VALUES (175, 3, 5, 'SILLA', 64, 6);
INSERT INTO Localidad (id, fila, num_localidad, tipo_localidad, propietario_id, sector_id) VALUES (176, 3, 6, 'SILLA', null, 6);
INSERT INTO Localidad (id, fila, num_localidad, tipo_localidad, propietario_id, sector_id) VALUES (177, 3, 7, 'SILLA', null, 6);
INSERT INTO Localidad (id, fila, num_localidad, tipo_localidad, propietario_id, sector_id) VALUES (178, 3, 8, 'SILLA', null, 6);
INSERT INTO Localidad (id, fila, num_localidad, tipo_localidad, propietario_id, sector_id) VALUES (179, 4, 1, 'SILLA', 55, 6);
INSERT INTO Localidad (id, fila, num_localidad, tipo_localidad, propietario_id, sector_id) VALUES (180, 4, 2, 'SILLA', 67, 6);
INSERT INTO Localidad (id, fila, num_localidad, tipo_localidad, propietario_id, sector_id) VALUES (181, 4, 3, 'SILLA', 56, 6);
INSERT INTO Localidad (id, fila, num_localidad, tipo_localidad, propietario_id, sector_id) VALUES (182, 4, 4, 'SILLA', 48, 6);
INSERT INTO Localidad (id, fila, num_localidad, tipo_localidad, propietario_id, sector_id) VALUES (183, 4, 5, 'SILLA', 51, 6);
INSERT INTO Localidad (id, fila, num_localidad, tipo_localidad, propietario_id, sector_id) VALUES (184, 4, 6, 'SILLA', 15, 6);
INSERT INTO Localidad (id, fila, num_localidad, tipo_localidad, propietario_id, sector_id) VALUES (185, 4, 7, 'SILLA', 30, 6);
INSERT INTO Localidad (id, fila, num_localidad, tipo_localidad, propietario_id, sector_id) VALUES (186, 4, 8, 'SILLA', 41, 6);


ALTER SEQUENCE hibernate_sequence RESTART WITH 1000;
