INSERT INTO Usuario (id, username, password, consejero) VALUES (1, 'admin', '{bcrypt}$2a$10$ps6QN4cRlMvAZmkkBTygyOTrZAjT1Osxs7M4ElwdcOkEAqmO376Be', true);
INSERT INTO Usuario (id, username, password, consejero) VALUES (2, 'user', '{bcrypt}$2a$10$8FLnEJGxM7Iz4IpcoyPq.u5uCnVDxmUpi4lhb2c0gLK8ZNqIB4/4G', false);

INSERT INTO Hermandad (id, nombre, dia) VALUES (1, 'El Amor', 'DOMINGO_DE_RAMOS');
INSERT INTO Hermandad (id, nombre, dia) VALUES (2, 'Los Despojos', 'DOMINGO_DE_RAMOS');
INSERT INTO Hermandad (id, nombre, dia) VALUES (3, 'La Paz', 'DOMINGO_DE_RAMOS');
INSERT INTO Hermandad (id, nombre, dia) VALUES (4, 'La Cena', 'DOMINGO_DE_RAMOS');
INSERT INTO Hermandad (id, nombre, dia) VALUES (5, 'La Hiniesta', 'DOMINGO_DE_RAMOS');
INSERT INTO Hermandad (id, nombre, dia) VALUES (6, 'San Roque', 'DOMINGO_DE_RAMOS');
INSERT INTO Hermandad (id, nombre, dia) VALUES (7, 'La Estrella', 'DOMINGO_DE_RAMOS');
INSERT INTO Hermandad (id, nombre, dia) VALUES (8, 'La Amargura', 'DOMINGO_DE_RAMOS');
INSERT INTO Hermandad (id, nombre, dia) VALUES (9, 'San Pablo', 'LUNES_SANTO');
INSERT INTO Hermandad (id, nombre, dia) VALUES (10, 'La Redención', 'LUNES_SANTO');
INSERT INTO Hermandad (id, nombre, dia) VALUES (11, 'Santa Genoveva', 'LUNES_SANTO');
INSERT INTO Hermandad (id, nombre, dia) VALUES (12, 'Santa Marta', 'LUNES_SANTO');
INSERT INTO Hermandad (id, nombre, dia) VALUES (13, 'San Gonzalo', 'LUNES_SANTO');
INSERT INTO Hermandad (id, nombre, dia) VALUES (14, 'Vera Cruz', 'LUNES_SANTO');
INSERT INTO Hermandad (id, nombre, dia) VALUES (15, 'Las Penas', 'LUNES_SANTO');
INSERT INTO Hermandad (id, nombre, dia) VALUES (16, 'Las Aguas', 'LUNES_SANTO');
INSERT INTO Hermandad (id, nombre, dia) VALUES (17, 'El Museo', 'LUNES_SANTO');
INSERT INTO Hermandad (id, nombre, dia) VALUES (18, 'El Cerro', 'MARTES_SANTO');
INSERT INTO Hermandad (id, nombre, dia) VALUES (19, 'San Esteban', 'MARTES_SANTO');
INSERT INTO Hermandad (id, nombre, dia) VALUES (20, 'La Candelaria', 'MARTES_SANTO');
INSERT INTO Hermandad (id, nombre, dia) VALUES (21, 'San Benito', 'MARTES_SANTO');
INSERT INTO Hermandad (id, nombre, dia) VALUES (22, 'La Bofetá', 'MARTES_SANTO');
INSERT INTO Hermandad (id, nombre, dia) VALUES (23, 'Los Javieres', 'MARTES_SANTO');
INSERT INTO Hermandad (id, nombre, dia) VALUES (24, 'Los Estudiantes', 'MARTES_SANTO');
INSERT INTO Hermandad (id, nombre, dia) VALUES (25, 'Santa Cruz', 'MARTES_SANTO');
INSERT INTO Hermandad (id, nombre, dia) VALUES (26, 'El Carmen', 'MIERCOLES_SANTO');
INSERT INTO Hermandad (id, nombre, dia) VALUES (27, 'El Buen Fin', 'MIERCOLES_SANTO');
INSERT INTO Hermandad (id, nombre, dia) VALUES (28, 'La Sed', 'MIERCOLES_SANTO');
INSERT INTO Hermandad (id, nombre, dia) VALUES (29, 'San Bernardo', 'MIERCOLES_SANTO');
INSERT INTO Hermandad (id, nombre, dia) VALUES (30, 'La Lanzada', 'MIERCOLES_SANTO');
INSERT INTO Hermandad (id, nombre, dia) VALUES (31, 'El Baratillo', 'MIERCOLES_SANTO');
INSERT INTO Hermandad (id, nombre, dia) VALUES (32, 'Los Panaderos', 'MIERCOLES_SANTO');
INSERT INTO Hermandad (id, nombre, dia) VALUES (33, 'Las Siete Palabras', 'MIERCOLES_SANTO');
INSERT INTO Hermandad (id, nombre, dia) VALUES (34, 'El Cristo de Burgos', 'MIERCOLES_SANTO');
INSERT INTO Hermandad (id, nombre, dia) VALUES (35, 'Los Negritos', 'JUEVES_SANTO');
INSERT INTO Hermandad (id, nombre, dia) VALUES (36, 'Las Cigarreras', 'JUEVES_SANTO');
INSERT INTO Hermandad (id, nombre, dia) VALUES (37, 'La Exaltación', 'JUEVES_SANTO');
INSERT INTO Hermandad (id, nombre, dia) VALUES (38, 'El Valle', 'JUEVES_SANTO');
INSERT INTO Hermandad (id, nombre, dia) VALUES (39, 'Montesión', 'JUEVES_SANTO');
INSERT INTO Hermandad (id, nombre, dia) VALUES (40, 'La Quinta Angustia', 'JUEVES_SANTO');
INSERT INTO Hermandad (id, nombre, dia) VALUES (41, 'Pasión', 'JUEVES_SANTO');
INSERT INTO Hermandad (id, nombre, dia) VALUES (42, 'El Silencio', 'MADRUGA');
INSERT INTO Hermandad (id, nombre, dia) VALUES (43, 'El Gran Poder', 'MADRUGA');
INSERT INTO Hermandad (id, nombre, dia) VALUES (44, 'La Macarena', 'MADRUGA');
INSERT INTO Hermandad (id, nombre, dia) VALUES (45, 'El Calvario', 'MADRUGA');
INSERT INTO Hermandad (id, nombre, dia) VALUES (46, 'La Esperanza de Triana', 'MADRUGA');
INSERT INTO Hermandad (id, nombre, dia) VALUES (47, 'Los Gitanos', 'MADRUGA');
INSERT INTO Hermandad (id, nombre, dia) VALUES (48, 'La Carreteria', 'VIERNES_SANTO');
INSERT INTO Hermandad (id, nombre, dia) VALUES (49, 'San Buenaventura', 'VIERNES_SANTO');
INSERT INTO Hermandad (id, nombre, dia) VALUES (50, 'El Cachorro', 'VIERNES_SANTO');
INSERT INTO Hermandad (id, nombre, dia) VALUES (51, 'La O', 'VIERNES_SANTO');
INSERT INTO Hermandad (id, nombre, dia) VALUES (52, 'San Isidoro', 'VIERNES_SANTO');
INSERT INTO Hermandad (id, nombre, dia) VALUES (53, 'Montserrat', 'VIERNES_SANTO');
INSERT INTO Hermandad (id, nombre, dia) VALUES (54, 'La Mortaja', 'VIERNES_SANTO');
INSERT INTO Hermandad (id, nombre, dia) VALUES (55, 'El Sol', 'SABADO_SANTO');
INSERT INTO Hermandad (id, nombre, dia) VALUES (56, 'Los Servitas', 'SABADO_SANTO');
INSERT INTO Hermandad (id, nombre, dia) VALUES (57, 'La Trinidad', 'SABADO_SANTO');
INSERT INTO Hermandad (id, nombre, dia) VALUES (58, 'El Santo Entierro', 'SABADO_SANTO');
INSERT INTO Hermandad (id, nombre, dia) VALUES (59, 'La Soledad', 'SABADO_SANTO');
INSERT INTO Hermandad (id, nombre, dia) VALUES (60, 'La Resurrección', 'DOMINGO_DE_RESURRECCION');

INSERT INTO Propietario (id, dni, nombre, apellidos, hermandad_id) VALUES (1, '89088712Y', 'Francisco', 'Vélez de Luna', 52);
INSERT INTO Propietario (id, dni, nombre, apellidos, hermandad_id) VALUES (2, '21135681S', 'Antonio', 'Martínez López', 40);

INSERT INTO Sector (id, localizacion, precio) VALUES (1, 'Campana', 299);
INSERT INTO Sector (id, localizacion, precio) VALUES (2, 'Sierpes', 249);
INSERT INTO Sector (id, localizacion, precio) VALUES (3, 'Plaza de San Francisco', 1099);
INSERT INTO Sector (id, localizacion, precio) VALUES (4, 'Avenida', 199);
INSERT INTO Sector (id, localizacion, precio) VALUES (5, 'Catedral', 149);
INSERT INTO Sector (id, localizacion, precio) VALUES (6, 'Plaza Virgen de los Reyes', 289);

INSERT INTO Localidad (id, fila, num_localidad, tipo_localidad, sector_id) VALUES (1, 1, 1, 'SILLA', 1);
INSERT INTO Localidad (id, fila, num_localidad, tipo_localidad, sector_id) VALUES (2, 1, 2, 'SILLA', 1);
INSERT INTO Localidad (id, fila, num_localidad, tipo_localidad, sector_id) VALUES (3, 1, 3, 'SILLA', 1);
INSERT INTO Localidad (id, fila, num_localidad, tipo_localidad, sector_id) VALUES (4, 1, 4, 'SILLA', 1);
INSERT INTO Localidad (id, fila, num_localidad, tipo_localidad, sector_id) VALUES (5, 1, 5, 'SILLA', 1);
INSERT INTO Localidad (id, fila, num_localidad, tipo_localidad, sector_id) VALUES (6, 1, 6, 'SILLA', 1);
INSERT INTO Localidad (id, fila, num_localidad, tipo_localidad, sector_id) VALUES (7, 1, 7, 'SILLA', 1);
INSERT INTO Localidad (id, fila, num_localidad, tipo_localidad, sector_id) VALUES (8, 1, 8, 'SILLA', 1);
INSERT INTO Localidad (id, fila, num_localidad, tipo_localidad, sector_id) VALUES (9, 2, 1, 'SILLA', 1);
INSERT INTO Localidad (id, fila, num_localidad, tipo_localidad, sector_id) VALUES (10, 2, 2, 'SILLA', 1);
INSERT INTO Localidad (id, fila, num_localidad, tipo_localidad, sector_id) VALUES (11, 2, 3, 'SILLA', 1);
INSERT INTO Localidad (id, fila, num_localidad, tipo_localidad, sector_id) VALUES (12, 2, 4, 'SILLA', 1);
INSERT INTO Localidad (id, fila, num_localidad, tipo_localidad, sector_id) VALUES (13, 2, 5, 'SILLA', 1);
INSERT INTO Localidad (id, fila, num_localidad, tipo_localidad, sector_id) VALUES (14, 2, 6, 'SILLA', 1);
INSERT INTO Localidad (id, fila, num_localidad, tipo_localidad, sector_id) VALUES (15, 2, 7, 'SILLA', 1);
INSERT INTO Localidad (id, fila, num_localidad, tipo_localidad, sector_id) VALUES (16, 2, 8, 'SILLA', 1);
INSERT INTO Localidad (id, fila, num_localidad, tipo_localidad, sector_id) VALUES (17, 3, 1, 'SILLA', 1);
INSERT INTO Localidad (id, fila, num_localidad, tipo_localidad, sector_id) VALUES (18, 3, 2, 'SILLA', 1);
INSERT INTO Localidad (id, fila, num_localidad, tipo_localidad, sector_id) VALUES (19, 3, 3, 'SILLA', 1);
INSERT INTO Localidad (id, fila, num_localidad, tipo_localidad, sector_id) VALUES (20, 3, 4, 'SILLA', 1);
INSERT INTO Localidad (id, fila, num_localidad, tipo_localidad, sector_id) VALUES (21, 3, 5, 'SILLA', 1);
INSERT INTO Localidad (id, fila, num_localidad, tipo_localidad, sector_id) VALUES (22, 3, 6, 'SILLA', 1);
INSERT INTO Localidad (id, fila, num_localidad, tipo_localidad, sector_id) VALUES (23, 3, 7, 'SILLA', 1);
INSERT INTO Localidad (id, fila, num_localidad, tipo_localidad, sector_id) VALUES (24, 3, 8, 'SILLA', 1);
INSERT INTO Localidad (id, fila, num_localidad, tipo_localidad, sector_id) VALUES (25, 1, 1, 'SILLA', 2);
INSERT INTO Localidad (id, fila, num_localidad, tipo_localidad, sector_id) VALUES (26, 1, 2, 'SILLA', 2);
INSERT INTO Localidad (id, fila, num_localidad, tipo_localidad, sector_id) VALUES (27, 1, 3, 'SILLA', 2);
INSERT INTO Localidad (id, fila, num_localidad, tipo_localidad, sector_id) VALUES (28, 1, 4, 'SILLA', 2);
INSERT INTO Localidad (id, fila, num_localidad, tipo_localidad, sector_id) VALUES (29, 1, 5, 'SILLA', 2);
INSERT INTO Localidad (id, fila, num_localidad, tipo_localidad, sector_id) VALUES (30, 1, 6, 'SILLA', 2);
INSERT INTO Localidad (id, fila, num_localidad, tipo_localidad, sector_id) VALUES (31, 1, 7, 'SILLA', 2);
INSERT INTO Localidad (id, fila, num_localidad, tipo_localidad, sector_id) VALUES (32, 1, 8, 'SILLA', 2);
INSERT INTO Localidad (id, fila, num_localidad, tipo_localidad, sector_id) VALUES (33, 1, 9, 'SILLA', 2);
INSERT INTO Localidad (id, fila, num_localidad, tipo_localidad, sector_id) VALUES (34, 1, 10, 'SILLA', 2);
INSERT INTO Localidad (id, fila, num_localidad, tipo_localidad, sector_id) VALUES (35, 1, 11, 'SILLA', 2);
INSERT INTO Localidad (id, fila, num_localidad, tipo_localidad, sector_id) VALUES (36, 1, 12, 'SILLA', 2);
INSERT INTO Localidad (id, fila, num_localidad, tipo_localidad, sector_id) VALUES (37, 2, 1, 'SILLA', 2);
INSERT INTO Localidad (id, fila, num_localidad, tipo_localidad, sector_id) VALUES (38, 2, 2, 'SILLA', 2);
INSERT INTO Localidad (id, fila, num_localidad, tipo_localidad, sector_id) VALUES (39, 2, 3, 'SILLA', 2);
INSERT INTO Localidad (id, fila, num_localidad, tipo_localidad, sector_id) VALUES (40, 2, 4, 'SILLA', 2);
INSERT INTO Localidad (id, fila, num_localidad, tipo_localidad, sector_id) VALUES (41, 2, 5, 'SILLA', 2);
INSERT INTO Localidad (id, fila, num_localidad, tipo_localidad, sector_id) VALUES (42, 2, 6, 'SILLA', 2);
INSERT INTO Localidad (id, fila, num_localidad, tipo_localidad, sector_id) VALUES (43, 2, 7, 'SILLA', 2);
INSERT INTO Localidad (id, fila, num_localidad, tipo_localidad, sector_id) VALUES (44, 2, 8, 'SILLA', 2);
INSERT INTO Localidad (id, fila, num_localidad, tipo_localidad, sector_id) VALUES (45, 2, 9, 'SILLA', 2);
INSERT INTO Localidad (id, fila, num_localidad, tipo_localidad, sector_id) VALUES (46, 2, 10, 'SILLA', 2);
INSERT INTO Localidad (id, fila, num_localidad, tipo_localidad, sector_id) VALUES (47, 2, 11, 'SILLA', 2);
INSERT INTO Localidad (id, fila, num_localidad, tipo_localidad, sector_id) VALUES (48, 2, 12, 'SILLA', 2);
INSERT INTO Localidad (id, fila, num_localidad, tipo_localidad, sector_id) VALUES (49, 3, 1, 'SILLA', 2);
INSERT INTO Localidad (id, fila, num_localidad, tipo_localidad, sector_id) VALUES (50, 3, 2, 'SILLA', 2);
INSERT INTO Localidad (id, fila, num_localidad, tipo_localidad, sector_id) VALUES (51, 3, 3, 'SILLA', 2);
INSERT INTO Localidad (id, fila, num_localidad, tipo_localidad, sector_id) VALUES (52, 3, 4, 'SILLA', 2);
INSERT INTO Localidad (id, fila, num_localidad, tipo_localidad, sector_id) VALUES (53, 3, 5, 'SILLA', 2);
INSERT INTO Localidad (id, fila, num_localidad, tipo_localidad, sector_id) VALUES (54, 3, 6, 'SILLA', 2);
INSERT INTO Localidad (id, fila, num_localidad, tipo_localidad, sector_id) VALUES (55, 3, 7, 'SILLA', 2);
INSERT INTO Localidad (id, fila, num_localidad, tipo_localidad, sector_id) VALUES (56, 3, 8, 'SILLA', 2);
INSERT INTO Localidad (id, fila, num_localidad, tipo_localidad, sector_id) VALUES (57, 3, 9, 'SILLA', 2);
INSERT INTO Localidad (id, fila, num_localidad, tipo_localidad, sector_id) VALUES (58, 3, 10, 'SILLA', 2);
INSERT INTO Localidad (id, fila, num_localidad, tipo_localidad, sector_id) VALUES (59, 3, 11, 'SILLA', 2);
INSERT INTO Localidad (id, fila, num_localidad, tipo_localidad, sector_id) VALUES (60, 3, 12, 'SILLA', 2);
INSERT INTO Localidad (id, fila, num_localidad, tipo_localidad, sector_id) VALUES (61, 1, 1, 'PALCO', 3);
INSERT INTO Localidad (id, fila, num_localidad, tipo_localidad, sector_id) VALUES (62, 1, 2, 'PALCO', 3);
INSERT INTO Localidad (id, fila, num_localidad, tipo_localidad, sector_id) VALUES (63, 1, 3, 'PALCO', 3);
INSERT INTO Localidad (id, fila, num_localidad, tipo_localidad, sector_id) VALUES (64, 1, 4, 'PALCO', 3);
INSERT INTO Localidad (id, fila, num_localidad, tipo_localidad, sector_id) VALUES (65, 1, 5, 'PALCO', 3);
INSERT INTO Localidad (id, fila, num_localidad, tipo_localidad, sector_id) VALUES (66, 1, 6, 'PALCO', 3);
INSERT INTO Localidad (id, fila, num_localidad, tipo_localidad, sector_id) VALUES (67, 2, 1, 'PALCO', 3);
INSERT INTO Localidad (id, fila, num_localidad, tipo_localidad, sector_id) VALUES (68, 2, 2, 'PALCO', 3);
INSERT INTO Localidad (id, fila, num_localidad, tipo_localidad, sector_id) VALUES (69, 2, 3, 'PALCO', 3);
INSERT INTO Localidad (id, fila, num_localidad, tipo_localidad, sector_id) VALUES (70, 2, 4, 'PALCO', 3);
INSERT INTO Localidad (id, fila, num_localidad, tipo_localidad, sector_id) VALUES (71, 2, 5, 'PALCO', 3);
INSERT INTO Localidad (id, fila, num_localidad, tipo_localidad, sector_id) VALUES (72, 2, 6, 'PALCO', 3);
INSERT INTO Localidad (id, fila, num_localidad, tipo_localidad, sector_id) VALUES (73, 1, 1, 'SILLA', 4);
INSERT INTO Localidad (id, fila, num_localidad, tipo_localidad, sector_id) VALUES (74, 1, 2, 'SILLA', 4);
INSERT INTO Localidad (id, fila, num_localidad, tipo_localidad, sector_id) VALUES (75, 1, 3, 'SILLA', 4);
INSERT INTO Localidad (id, fila, num_localidad, tipo_localidad, sector_id) VALUES (76, 1, 4, 'SILLA', 4);
INSERT INTO Localidad (id, fila, num_localidad, tipo_localidad, sector_id) VALUES (77, 1, 5, 'SILLA', 4);
INSERT INTO Localidad (id, fila, num_localidad, tipo_localidad, sector_id) VALUES (78, 1, 6, 'SILLA', 4);
INSERT INTO Localidad (id, fila, num_localidad, tipo_localidad, sector_id) VALUES (79, 1, 7, 'SILLA', 4);
INSERT INTO Localidad (id, fila, num_localidad, tipo_localidad, sector_id) VALUES (80, 1, 8, 'SILLA', 4);
INSERT INTO Localidad (id, fila, num_localidad, tipo_localidad, sector_id) VALUES (81, 1, 9, 'SILLA', 4);
INSERT INTO Localidad (id, fila, num_localidad, tipo_localidad, sector_id) VALUES (82, 1, 10, 'SILLA', 4);
INSERT INTO Localidad (id, fila, num_localidad, tipo_localidad, sector_id) VALUES (83, 1, 11, 'SILLA', 4);
INSERT INTO Localidad (id, fila, num_localidad, tipo_localidad, sector_id) VALUES (84, 1, 12, 'SILLA', 4);
INSERT INTO Localidad (id, fila, num_localidad, tipo_localidad, sector_id) VALUES (85, 1, 13, 'SILLA', 4);
INSERT INTO Localidad (id, fila, num_localidad, tipo_localidad, sector_id) VALUES (86, 1, 14, 'SILLA', 4);
INSERT INTO Localidad (id, fila, num_localidad, tipo_localidad, sector_id) VALUES (87, 1, 15, 'SILLA', 4);
INSERT INTO Localidad (id, fila, num_localidad, tipo_localidad, sector_id) VALUES (88, 1, 16, 'SILLA', 4);
INSERT INTO Localidad (id, fila, num_localidad, tipo_localidad, sector_id) VALUES (89, 2, 1, 'SILLA', 4);
INSERT INTO Localidad (id, fila, num_localidad, tipo_localidad, sector_id) VALUES (90, 2, 2, 'SILLA', 4);
INSERT INTO Localidad (id, fila, num_localidad, tipo_localidad, sector_id) VALUES (91, 2, 3, 'SILLA', 4);
INSERT INTO Localidad (id, fila, num_localidad, tipo_localidad, sector_id) VALUES (92, 2, 4, 'SILLA', 4);
INSERT INTO Localidad (id, fila, num_localidad, tipo_localidad, sector_id) VALUES (93, 2, 5, 'SILLA', 4);
INSERT INTO Localidad (id, fila, num_localidad, tipo_localidad, sector_id) VALUES (94, 2, 6, 'SILLA', 4);
INSERT INTO Localidad (id, fila, num_localidad, tipo_localidad, sector_id) VALUES (95, 2, 7, 'SILLA', 4);
INSERT INTO Localidad (id, fila, num_localidad, tipo_localidad, sector_id) VALUES (96, 2, 8, 'SILLA', 4);
INSERT INTO Localidad (id, fila, num_localidad, tipo_localidad, sector_id) VALUES (97, 2, 9, 'SILLA', 4);
INSERT INTO Localidad (id, fila, num_localidad, tipo_localidad, sector_id) VALUES (98, 2, 10, 'SILLA', 4);
INSERT INTO Localidad (id, fila, num_localidad, tipo_localidad, sector_id) VALUES (99, 2, 11, 'SILLA', 4);
INSERT INTO Localidad (id, fila, num_localidad, tipo_localidad, sector_id) VALUES (100, 2, 12, 'SILLA', 4);
INSERT INTO Localidad (id, fila, num_localidad, tipo_localidad, sector_id) VALUES (101, 2, 13, 'SILLA', 4);
INSERT INTO Localidad (id, fila, num_localidad, tipo_localidad, sector_id) VALUES (102, 2, 14, 'SILLA', 4);
INSERT INTO Localidad (id, fila, num_localidad, tipo_localidad, sector_id) VALUES (103, 2, 15, 'SILLA', 4);
INSERT INTO Localidad (id, fila, num_localidad, tipo_localidad, sector_id) VALUES (104, 2, 16, 'SILLA', 4);
INSERT INTO Localidad (id, fila, num_localidad, tipo_localidad, sector_id) VALUES (105, 3, 1, 'SILLA', 4);
INSERT INTO Localidad (id, fila, num_localidad, tipo_localidad, sector_id) VALUES (106, 3, 2, 'SILLA', 4);
INSERT INTO Localidad (id, fila, num_localidad, tipo_localidad, sector_id) VALUES (107, 3, 3, 'SILLA', 4);
INSERT INTO Localidad (id, fila, num_localidad, tipo_localidad, sector_id) VALUES (108, 3, 4, 'SILLA', 4);
INSERT INTO Localidad (id, fila, num_localidad, tipo_localidad, sector_id) VALUES (109, 3, 5, 'SILLA', 4);
INSERT INTO Localidad (id, fila, num_localidad, tipo_localidad, sector_id) VALUES (110, 3, 6, 'SILLA', 4);
INSERT INTO Localidad (id, fila, num_localidad, tipo_localidad, sector_id) VALUES (111, 3, 7, 'SILLA', 4);
INSERT INTO Localidad (id, fila, num_localidad, tipo_localidad, sector_id) VALUES (112, 3, 8, 'SILLA', 4);
INSERT INTO Localidad (id, fila, num_localidad, tipo_localidad, sector_id) VALUES (113, 3, 9, 'SILLA', 4);
INSERT INTO Localidad (id, fila, num_localidad, tipo_localidad, sector_id) VALUES (114, 3, 10, 'SILLA', 4);
INSERT INTO Localidad (id, fila, num_localidad, tipo_localidad, sector_id) VALUES (115, 3, 11, 'SILLA', 4);
INSERT INTO Localidad (id, fila, num_localidad, tipo_localidad, sector_id) VALUES (116, 3, 12, 'SILLA', 4);
INSERT INTO Localidad (id, fila, num_localidad, tipo_localidad, sector_id) VALUES (117, 3, 13, 'SILLA', 4);
INSERT INTO Localidad (id, fila, num_localidad, tipo_localidad, sector_id) VALUES (118, 3, 14, 'SILLA', 4);
INSERT INTO Localidad (id, fila, num_localidad, tipo_localidad, sector_id) VALUES (119, 3, 15, 'SILLA', 4);
INSERT INTO Localidad (id, fila, num_localidad, tipo_localidad, sector_id) VALUES (120, 3, 16, 'SILLA', 4);
INSERT INTO Localidad (id, fila, num_localidad, tipo_localidad, sector_id) VALUES (121, 4, 1, 'SILLA', 4);
INSERT INTO Localidad (id, fila, num_localidad, tipo_localidad, sector_id) VALUES (122, 4, 2, 'SILLA', 4);
INSERT INTO Localidad (id, fila, num_localidad, tipo_localidad, sector_id) VALUES (123, 4, 3, 'SILLA', 4);
INSERT INTO Localidad (id, fila, num_localidad, tipo_localidad, sector_id) VALUES (124, 4, 4, 'SILLA', 4);
INSERT INTO Localidad (id, fila, num_localidad, tipo_localidad, sector_id) VALUES (125, 4, 5, 'SILLA', 4);
INSERT INTO Localidad (id, fila, num_localidad, tipo_localidad, sector_id) VALUES (126, 4, 6, 'SILLA', 4);
INSERT INTO Localidad (id, fila, num_localidad, tipo_localidad, sector_id) VALUES (127, 4, 7, 'SILLA', 4);
INSERT INTO Localidad (id, fila, num_localidad, tipo_localidad, sector_id) VALUES (128, 4, 8, 'SILLA', 4);
INSERT INTO Localidad (id, fila, num_localidad, tipo_localidad, sector_id) VALUES (129, 4, 9, 'SILLA', 4);
INSERT INTO Localidad (id, fila, num_localidad, tipo_localidad, sector_id) VALUES (130, 4, 10, 'SILLA', 4);
INSERT INTO Localidad (id, fila, num_localidad, tipo_localidad, sector_id) VALUES (131, 4, 11, 'SILLA', 4);
INSERT INTO Localidad (id, fila, num_localidad, tipo_localidad, sector_id) VALUES (132, 4, 12, 'SILLA', 4);
INSERT INTO Localidad (id, fila, num_localidad, tipo_localidad, sector_id) VALUES (133, 4, 13, 'SILLA', 4);
INSERT INTO Localidad (id, fila, num_localidad, tipo_localidad, sector_id) VALUES (134, 4, 14, 'SILLA', 4);
INSERT INTO Localidad (id, fila, num_localidad, tipo_localidad, sector_id) VALUES (135, 4, 15, 'SILLA', 4);
INSERT INTO Localidad (id, fila, num_localidad, tipo_localidad, sector_id) VALUES (136, 4, 16, 'SILLA', 4);
INSERT INTO Localidad (id, fila, num_localidad, tipo_localidad, sector_id) VALUES (137, 1, 1, 'SILLA', 5);
INSERT INTO Localidad (id, fila, num_localidad, tipo_localidad, sector_id) VALUES (138, 1, 2, 'SILLA', 5);
INSERT INTO Localidad (id, fila, num_localidad, tipo_localidad, sector_id) VALUES (139, 1, 3, 'SILLA', 5);
INSERT INTO Localidad (id, fila, num_localidad, tipo_localidad, sector_id) VALUES (140, 1, 4, 'SILLA', 5);
INSERT INTO Localidad (id, fila, num_localidad, tipo_localidad, sector_id) VALUES (141, 1, 5, 'SILLA', 5);
INSERT INTO Localidad (id, fila, num_localidad, tipo_localidad, sector_id) VALUES (142, 1, 6, 'SILLA', 5);
INSERT INTO Localidad (id, fila, num_localidad, tipo_localidad, sector_id) VALUES (143, 2, 1, 'SILLA', 5);
INSERT INTO Localidad (id, fila, num_localidad, tipo_localidad, sector_id) VALUES (144, 2, 2, 'SILLA', 5);
INSERT INTO Localidad (id, fila, num_localidad, tipo_localidad, sector_id) VALUES (145, 2, 3, 'SILLA', 5);
INSERT INTO Localidad (id, fila, num_localidad, tipo_localidad, sector_id) VALUES (146, 2, 4, 'SILLA', 5);
INSERT INTO Localidad (id, fila, num_localidad, tipo_localidad, sector_id) VALUES (147, 2, 5, 'SILLA', 5);
INSERT INTO Localidad (id, fila, num_localidad, tipo_localidad, sector_id) VALUES (148, 2, 6, 'SILLA', 5);
INSERT INTO Localidad (id, fila, num_localidad, tipo_localidad, sector_id) VALUES (149, 3, 1, 'SILLA', 5);
INSERT INTO Localidad (id, fila, num_localidad, tipo_localidad, sector_id) VALUES (150, 3, 2, 'SILLA', 5);
INSERT INTO Localidad (id, fila, num_localidad, tipo_localidad, sector_id) VALUES (151, 3, 3, 'SILLA', 5);
INSERT INTO Localidad (id, fila, num_localidad, tipo_localidad, sector_id) VALUES (152, 3, 4, 'SILLA', 5);
INSERT INTO Localidad (id, fila, num_localidad, tipo_localidad, sector_id) VALUES (153, 3, 5, 'SILLA', 5);
INSERT INTO Localidad (id, fila, num_localidad, tipo_localidad, sector_id) VALUES (154, 3, 6, 'SILLA', 5);
INSERT INTO Localidad (id, fila, num_localidad, tipo_localidad, sector_id) VALUES (155, 1, 1, 'SILLA', 6);
INSERT INTO Localidad (id, fila, num_localidad, tipo_localidad, sector_id) VALUES (156, 1, 2, 'SILLA', 6);
INSERT INTO Localidad (id, fila, num_localidad, tipo_localidad, sector_id) VALUES (157, 1, 3, 'SILLA', 6);
INSERT INTO Localidad (id, fila, num_localidad, tipo_localidad, sector_id) VALUES (158, 1, 4, 'SILLA', 6);
INSERT INTO Localidad (id, fila, num_localidad, tipo_localidad, sector_id) VALUES (159, 1, 5, 'SILLA', 6);
INSERT INTO Localidad (id, fila, num_localidad, tipo_localidad, sector_id) VALUES (160, 1, 6, 'SILLA', 6);
INSERT INTO Localidad (id, fila, num_localidad, tipo_localidad, sector_id) VALUES (161, 1, 7, 'SILLA', 6);
INSERT INTO Localidad (id, fila, num_localidad, tipo_localidad, sector_id) VALUES (162, 1, 8, 'SILLA', 6);
INSERT INTO Localidad (id, fila, num_localidad, tipo_localidad, sector_id) VALUES (163, 2, 1, 'SILLA', 6);
INSERT INTO Localidad (id, fila, num_localidad, tipo_localidad, sector_id) VALUES (164, 2, 2, 'SILLA', 6);
INSERT INTO Localidad (id, fila, num_localidad, tipo_localidad, sector_id) VALUES (165, 2, 3, 'SILLA', 6);
INSERT INTO Localidad (id, fila, num_localidad, tipo_localidad, sector_id) VALUES (166, 2, 4, 'SILLA', 6);
INSERT INTO Localidad (id, fila, num_localidad, tipo_localidad, sector_id) VALUES (167, 2, 5, 'SILLA', 6);
INSERT INTO Localidad (id, fila, num_localidad, tipo_localidad, sector_id) VALUES (168, 2, 6, 'SILLA', 6);
INSERT INTO Localidad (id, fila, num_localidad, tipo_localidad, sector_id) VALUES (169, 2, 7, 'SILLA', 6);
INSERT INTO Localidad (id, fila, num_localidad, tipo_localidad, sector_id) VALUES (170, 2, 8, 'SILLA', 6);
INSERT INTO Localidad (id, fila, num_localidad, tipo_localidad, sector_id) VALUES (171, 3, 1, 'SILLA', 6);
INSERT INTO Localidad (id, fila, num_localidad, tipo_localidad, sector_id) VALUES (172, 3, 2, 'SILLA', 6);
INSERT INTO Localidad (id, fila, num_localidad, tipo_localidad, sector_id) VALUES (173, 3, 3, 'SILLA', 6);
INSERT INTO Localidad (id, fila, num_localidad, tipo_localidad, sector_id) VALUES (174, 3, 4, 'SILLA', 6);
INSERT INTO Localidad (id, fila, num_localidad, tipo_localidad, sector_id) VALUES (175, 3, 5, 'SILLA', 6);
INSERT INTO Localidad (id, fila, num_localidad, tipo_localidad, sector_id) VALUES (176, 3, 6, 'SILLA', 6);
INSERT INTO Localidad (id, fila, num_localidad, tipo_localidad, sector_id) VALUES (177, 3, 7, 'SILLA', 6);
INSERT INTO Localidad (id, fila, num_localidad, tipo_localidad, sector_id) VALUES (178, 3, 8, 'SILLA', 6);
INSERT INTO Localidad (id, fila, num_localidad, tipo_localidad, sector_id) VALUES (179, 4, 1, 'SILLA', 6);
INSERT INTO Localidad (id, fila, num_localidad, tipo_localidad, sector_id) VALUES (180, 4, 2, 'SILLA', 6);
INSERT INTO Localidad (id, fila, num_localidad, tipo_localidad, sector_id) VALUES (181, 4, 3, 'SILLA', 6);
INSERT INTO Localidad (id, fila, num_localidad, tipo_localidad, sector_id) VALUES (182, 4, 4, 'SILLA', 6);
INSERT INTO Localidad (id, fila, num_localidad, tipo_localidad, sector_id) VALUES (183, 4, 5, 'SILLA', 6);
INSERT INTO Localidad (id, fila, num_localidad, tipo_localidad, sector_id) VALUES (184, 4, 6, 'SILLA', 6);
INSERT INTO Localidad (id, fila, num_localidad, tipo_localidad, sector_id) VALUES (185, 4, 7, 'SILLA', 6);
INSERT INTO Localidad (id, fila, num_localidad, tipo_localidad, sector_id) VALUES (186, 4, 8, 'SILLA', 6);

ALTER SEQUENCE hibernate_sequence RESTART WITH 1000;
